max(strength),day
0.80737,1
18.92862,2
24.74972,3
30.08179,4
35.94642,5
39.65416,6
41.65879,7
42.84059,8
43.71107,9
48.48862,10
48.5095,11
48.85978,12
