max(strength),day
0.60737,1
16.72862,2
22.64972,3
25.08179,4
28.94642,5
35.65416,6
38.65879,7
41.84059,8
42.71107,9
45.48862,10
46.1095,11
48.45978,12
